2,Science & Technology
1,Music
0,Business & Professional
0,Business & Professional
2,Science & Technology
0,Business & Professional
2,Science & Technology
0,Business & Professional
2,Science & Technology
0,Business & Professional
2,Science & Technology
0,Business & Professional
0,Business & Professional
0,Business & Professional
0,Business & Professional
2,Science & Technology
0,Business & Professional
0,Business & Professional
0,Business & Professional
1,Music
0,Business & Professional
1,Music
2,Science & Technology
0,Business & Professional
0,Business & Professional
2,Science & Technology
2,Science & Technology
1,Music
1,Music
1,Music
1,Music
1,Music
1,Music
0,Business & Professional
2,Science & Technology
2,Science & Technology
2,Science & Technology
2,Science & Technology
2,Science & Technology
0,Business & Professional
0,Business & Professional
1,Music
0,Business & Professional
1,Music
1,Music
1,Music
1,Music
1,Music
1,Music
0,Business & Professional
0,Business & Professional
0,Business & Professional
2,Science & Technology
0,Business & Professional
2,Science & Technology
2,Science & Technology
2,Science & Technology
1,Music
1,Music
0,Business & Professional
1,Music
1,Music
1,Music
1,Music
1,Music
1,Music
1,Music
1,Music
1,Music
1,Music
1,Music
1,Music
1,Music
1,Music
1,Music
1,Music
1,Music
2,Science & Technology
2,Science & Technology
0,Business & Professional
0,Business & Professional
0,Business & Professional
0,Business & Professional
1,Music
2,Science & Technology
1,Music
0,Business & Professional
2,Science & Technology
0,Business & Professional
1,Music
0,Business & Professional
0,Business & Professional
1,Music
1,Music
1,Music
1,Music
1,Music
1,Music
1,Music
1,Music
1,Music
1,Music
0,Business & Professional
0,Business & Professional
0,Business & Professional
0,Business & Professional
1,Music
2,Science & Technology
2,Science & Technology
2,Science & Technology
2,Science & Technology
2,Science & Technology
2,Science & Technology
2,Science & Technology
2,Science & Technology
2,Science & Technology
0,Business & Professional
2,Science & Technology
2,Science & Technology
2,Science & Technology
2,Science & Technology
2,Science & Technology
2,Science & Technology
2,Science & Technology
0,Business & Professional
2,Science & Technology
0,Business & Professional
2,Science & Technology
2,Science & Technology
3,Travel & Outdoor
3,Travel & Outdoor
3,Travel & Outdoor
3,Travel & Outdoor
3,Travel & Outdoor
3,Travel & Outdoor
3,Travel & Outdoor
3,Travel & Outdoor
3,Travel & Outdoor
3,Travel & Outdoor
3,Travel & Outdoor
3,Travel & Outdoor
3,Travel & Outdoor
3,Travel & Outdoor
3,Travel & Outdoor
3,Travel & Outdoor
3,Travel & Outdoor
3,Travel & Outdoor
3,Travel & Outdoor
3,Travel & Outdoor
3,Travel & Outdoor
3,Travel & Outdoor
3,Travel & Outdoor
3,Travel & Outdoor
3,Travel & Outdoor
3,Travel & Outdoor
3,Travel & Outdoor
3,Travel & Outdoor
3,Travel & Outdoor
3,Travel & Outdoor
3,Travel & Outdoor
3,Travel & Outdoor
3,Travel & Outdoor
3,Travel & Outdoor
3,Travel & Outdoor
3,Travel & Outdoor
3,Travel & Outdoor
3,Travel & Outdoor
3,Travel & Outdoor
2,Science & Technology
2,Science & Technology
2,Science & Technology
3,Travel & Outdoor
3,Travel & Outdoor
3,Travel & Outdoor
3,Travel & Outdoor
3,Travel & Outdoor
3,Travel & Outdoor
3,Travel & Outdoor
3,Travel & Outdoor
3,Travel & Outdoor
3,Travel & Outdoor
3,Travel & Outdoor
3,Travel & Outdoor
3,Travel & Outdoor
2,Science & Technology
2,Science & Technology
2,Science & Technology
2,Science & Technology
2,Science & Technology
2,Science & Technology
2,Science & Technology
2,Science & Technology
2,Science & Technology
2,Science & Technology
1,Music
1,Music
1,Music
1,Music
1,Music
1,Music
1,Music
1,Music
1,Music
1,Music
1,Music
1,Music
1,Music
1,Music
1,Music
1,Music
1,Music
1,Music
1,Music
1,Music
1,Music
1,Music
1,Music
1,Music
1,Music
1,Music
1,Music
1,Music
1,Music
1,Music
3,Travel & Outdoor
3,Travel & Outdoor
3,Travel & Outdoor
3,Travel & Outdoor
3,Travel & Outdoor
3,Travel & Outdoor
3,Travel & Outdoor
3,Travel & Outdoor
3,Travel & Outdoor
3,Travel & Outdoor
3,Travel & Outdoor
3,Travel & Outdoor
3,Travel & Outdoor
3,Travel & Outdoor
3,Travel & Outdoor
3,Travel & Outdoor
3,Travel & Outdoor
3,Travel & Outdoor
3,Travel & Outdoor
3,Travel & Outdoor
3,Travel & Outdoor
3,Travel & Outdoor
3,Travel & Outdoor
3,Travel & Outdoor
3,Travel & Outdoor
3,Travel & Outdoor
3,Travel & Outdoor
3,Travel & Outdoor
3,Travel & Outdoor
3,Travel & Outdoor
3,Travel & Outdoor
3,Travel & Outdoor
3,Travel & Outdoor
3,Travel & Outdoor
0,Business & Professional
1,Music
3,Travel & Outdoor
3,Travel & Outdoor
3,Travel & Outdoor
3,Travel & Outdoor
3,Travel & Outdoor
3,Travel & Outdoor
3,Travel & Outdoor
3,Travel & Outdoor
3,Travel & Outdoor
3,Travel & Outdoor
3,Travel & Outdoor
3,Travel & Outdoor
3,Travel & Outdoor
0,Business & Professional
0,Business & Professional
0,Business & Professional
0,Business & Professional
0,Business & Professional
0,Business & Professional
0,Business & Professional
0,Business & Professional
0,Business & Professional
0,Business & Professional
1,Music
1,Music
0,Business & Professional
0,Business & Professional
0,Business & Professional
0,Business & Professional
0,Business & Professional
0,Business & Professional
0,Business & Professional
0,Business & Professional
0,Business & Professional
0,Business & Professional
0,Business & Professional
0,Business & Professional
0,Business & Professional
0,Business & Professional
0,Business & Professional
0,Business & Professional
0,Business & Professional
0,Business & Professional
0,Business & Professional
0,Business & Professional
0,Business & Professional
0,Business & Professional
0,Business & Professional
0,Business & Professional
0,Business & Professional
0,Business & Professional
0,Business & Professional
0,Business & Professional
0,Business & Professional
0,Business & Professional
0,Business & Professional
0,Business & Professional
0,Business & Professional
1,Music
2,Science & Technology
0,Business & Professional
0,Business & Professional
0,Business & Professional
0,Business & Professional
0,Business & Professional
0,Business & Professional
0,Business & Professional
0,Business & Professional
0,Business & Professional
0,Business & Professional
0,Business & Professional
0,Business & Professional
0,Business & Professional
0,Business & Professional
0,Business & Professional
0,Business & Professional
0,Business & Professional
0,Business & Professional
0,Business & Professional
0,Business & Professional
0,Business & Professional
0,Business & Professional
1,Music
1,Music
1,Music
0,Business & Professional
0,Business & Professional
0,Business & Professional
1,Music
0,Business & Professional
0,Business & Professional
0,Business & Professional
0,Business & Professional
0,Business & Professional
0,Business & Professional
0,Business & Professional
1,Music
0,Business & Professional
2,Science & Technology
2,Science & Technology
2,Science & Technology
2,Science & Technology
2,Science & Technology
2,Science & Technology
2,Science & Technology
2,Science & Technology
2,Science & Technology
2,Science & Technology
2,Science & Technology
2,Science & Technology
2,Science & Technology
2,Science & Technology
1,Music
0,Business & Professional
0,Business & Professional
2,Science & Technology
0,Business & Professional
2,Science & Technology
1,Music
1,Music
0,Business & Professional
1,Music
2,Science & Technology
2,Science & Technology
1,Music
0,Business & Professional
3,Travel & Outdoor
0,Business & Professional
2,Science & Technology
2,Science & Technology
0,Business & Professional
2,Science & Technology
0,Business & Professional
2,Science & Technology
1,Music
0,Business & Professional
2,Science & Technology
1,Music
0,Business & Professional
0,Business & Professional
1,Music
1,Music
0,Business & Professional
0,Business & Professional
0,Business & Professional
0,Business & Professional
1,Music
1,Music
0,Business & Professional
0,Business & Professional
0,Business & Professional
0,Business & Professional
2,Science & Technology
0,Business & Professional
1,Music
3,Travel & Outdoor
0,Business & Professional
1,Music
1,Music
1,Music
0,Business & Professional
0,Business & Professional
3,Travel & Outdoor
3,Travel & Outdoor
1,Music
0,Business & Professional
1,Music
1,Music
2,Science & Technology
2,Science & Technology
1,Music
1,Music
1,Music
3,Travel & Outdoor
1,Music
1,Music
2,Science & Technology
2,Science & Technology
2,Science & Technology
2,Science & Technology
2,Science & Technology
2,Science & Technology
2,Science & Technology
2,Science & Technology
2,Science & Technology
2,Science & Technology
2,Science & Technology
1,Music
1,Music
1,Music
1,Music
1,Music
1,Music
1,Music
1,Music
1,Music
1,Music
1,Music
1,Music
1,Music
0,Business & Professional
0,Business & Professional
0,Business & Professional
0,Business & Professional
2,Science & Technology
3,Travel & Outdoor
2,Science & Technology
2,Science & Technology
0,Business & Professional
0,Business & Professional
0,Business & Professional
0,Business & Professional
0,Business & Professional
0,Business & Professional
0,Business & Professional
0,Business & Professional
0,Business & Professional
0,Business & Professional
0,Business & Professional
0,Business & Professional
0,Business & Professional
0,Business & Professional
0,Business & Professional
0,Business & Professional
0,Business & Professional
0,Business & Professional
0,Business & Professional
0,Business & Professional
0,Business & Professional
2,Science & Technology
0,Business & Professional
0,Business & Professional
0,Business & Professional
0,Business & Professional
0,Business & Professional
0,Business & Professional
0,Business & Professional
0,Business & Professional
0,Business & Professional
2,Science & Technology
0,Business & Professional
0,Business & Professional
0,Business & Professional
0,Business & Professional
0,Business & Professional
0,Business & Professional
2,Science & Technology
2,Science & Technology
2,Science & Technology
2,Science & Technology
1,Music
0,Business & Professional
0,Business & Professional
0,Business & Professional
1,Music
